{"_timestamp":1.729568638196439e+09,"_runtime":6.129451,"AUC":0.9484346987493788,"_wandb":{"runtime":6},"_step":0,"confusion_matrix":{"height":1000,"_type":"image-file","sha256":"529ee1ac4a895d2dda17df68e045622a945ea4fa68c505a571ef9b05fa44f1a0","size":94611,"path":"media/images/confusion_matrix_0_529ee1ac4a895d2dda17.png","format":"png","width":1000}}